{
  "configuration": {
    "use_socialsent": true,
    "socialsent_weight": 0.3,
    "pos_threshold": 0.01,
    "neg_threshold": -0.01,
    "negation_window": 2,
    "negation_flip_weight": 1.0
  },
  "results": {
    "reddit_manual": {
      "accuracy": 0.6161616161616161,
      "classes": {
        "positive": {
          "precision": 0.5,
          "recall": 0.7142857142857143,
          "f1": 0.588235294117647
        },
        "negative": {
          "precision": 0.6842105263157895,
          "recall": 0.7358490566037735,
          "f1": 0.709090909090909
        },
        "neutral": {
          "precision": 1.0,
          "recall": 0.1111111111111111,
          "f1": 0.19999999999999998
        },
        "mixed": {
          "precision": 0,
          "recall": 0,
          "f1": 0
        }
      },
      "pos_neg_f1": 0.648663101604278
    },
    "sst2": {
      "accuracy": 0.6915137614678899,
      "classes": {
        "positive": {
          "precision": 0.7333333333333333,
          "recall": 0.6193693693693694,
          "f1": 0.6715506715506716
        },
        "negative": {
          "precision": 0.6599597585513078,
          "recall": 0.7663551401869159,
          "f1": 0.7091891891891893
        },
        "neutral": {
          "precision": 0,
          "recall": 0,
          "f1": 0
        },
        "mixed": {
          "precision": 0,
          "recall": 0,
          "f1": 0
        }
      },
      "pos_neg_f1": 0.6903699303699304
    },
    "sentiment140": {
      "accuracy": 0.6203,
      "classes": {
        "positive": {
          "precision": 0.6487327701200534,
          "recall": 0.5728307813113467,
          "f1": 0.6084236864053377
        },
        "negative": {
          "precision": 0.6107083100948132,
          "recall": 0.6695882592743579,
          "f1": 0.6387943607194944
        },
        "neutral": {
          "precision": 0.0,
          "recall": 0,
          "f1": 0
        },
        "mixed": {
          "precision": 0,
          "recall": 0,
          "f1": 0
        }
      },
      "pos_neg_f1": 0.6236090235624161
    }
  }
}